id,Phone
430781198602111366,13211110162
51323319830624146X,13251088487
140701198510031175,18820384172
150205193501271285,13819362478
350982194310112042,13133018325
430611193010062586,15026671339
431023200509022686,13514264875
130629197705232805,18805755345
51118119510428139X,14789584006
131081195011121255,15191383374
130424195809041815,15091019579
650204199803171993,13798292720
310117193702241142,15388199097
341122195902252892,13093940834
450923194407081106,15774848634
320322198101122002,18787329090
140322193412031255,13923918817
360828200306051692,13299088218
230707194102102769,18791431526
371626197006091322,13954292496
150923196303062255,13122896951
230128195701261829,15901356789
652824197902091813,13283001590
433101194406241566,13576612619
623023193307171063,13114477955
430701195304032066,15267165374
620823194205012943,15956967041
440811200409172116,15123954024
230104197809171479,15931704506
54010119420630118X,13250354964
652122198711162703,13802335710
140925196406232015,13361051474
140525199211232155,13727268221
350211197006241302,14727698623
654322196906011973,13215541528
52012319991110111X,15848137737
410301193910012416,15380935435
411526198303122726,13627987823
220621193510142169,13289549272
433127198012202626,13668201341
450603198004281766,15282294451
230404200107211479,13591557200
330283199808152252,18840633334
330283195203262692,14707486108
420106195203231846,13053969795
51102419600902282X,15232283418
360822194601111042,18697596590
411627194107192246,13956469632
330206196309161292,13972703999
430223193605302256,13817287041
370684196403022262,18718875804
451024201210201246,18783008339
53012420041020234X,14771155431
330683200211182672,14723051584
350401197402042902,13720601533
450123193706261736,15509503113
51333119300803221X,13318410311
140426200911181155,13106277261
360701197009111552,13980417083
210212198009261209,15606138527
140211194701201205,13731848205
430101196111092256,15704417278
321084200610251202,13113392603
54233220000822149X,15208025236
54222619721011219X,13278885554
420601197402052066,13104905981
360902200304131342,15081951092
370701195001232612,15142116425
341623195505121972,15899924847
231182197901232849,15847188273
231124201303162809,18837864765
220882200310091909,15799249562
451001197003141746,15937125325
420204201307152996,18896958080
411722199911252756,14790904141
110117195510062275,13312090416
430723197906072366,13603283303
654025201110271753,13490735904
621124198403262353,13086183925
310106195703111682,13090122733
410402196612191216,13734935422
150626193002141565,13499427389
620802195107072613,13203498936
54223119600902232X,13922758321
652822198306161273,13101195093
620623200908281853,18828564095
210701197110282069,15626751204
130121194806021075,15819336377
441324200904042216,15507959557
52052620000808158X,18809748287
450205200910022936,13839777070
360734195810161652,15066906007
440825196412112106,13521488179
130981198404041205,18641546809
54223119561113216X,13577307408
51090419320412108X,15245884318
52032819620114268X,13781163309
652122201207012173,15794482116
130281196511271365,13651394590
210103200703222449,13417381845
