id, Phone
410523200204242146,15009320816
410505198006082646,13770340772
220801197502011599,15051619645
451225200305301886,14753374664
360924198206012222,13338094510
51012119921218260X,15162352607
371083194502211392,15066537212
52232619770819159X,15214292492
220521194305061779,18735172820
310114196108181222,13726874682
130207200401091695,13349032554
330624194702032462,18738640284
610825194910092323,13366001865
54223319520601233X,13785428706
51018319680504106X,13685151088
141033195212082225,18738435007
210804193204171789,13445316899
152923195006041535,13843068458
53042519830813220X,13248417438
50023819550122133X,13063661388
140202196604232485,13753141658
431123195111171766,13877167433
451027200705051536,15705367014
360103194007292332,13358223017
130731200310271695,13116286007
640101194503011103,13182909193
652827195501172223,13180287914
340711197107031372,13294385829
51160319840217285X,15860949608
51102519741021230X,14757956763
610626197208082503,13879157397
52262819940513116X,15192937512
320583196302091922,15692520743
610521196212271373,15697880705
340323198411083002,13004501237
652328199012282633,13192365707
632222195409032723,15050098897
370502194706211532,15258801693
469022194201232696,13164418917
51070119960327263X,13550593211
320703193312222592,15257202288
54262320060929261X,15695306132
632622193906222243,14702699724
411724193409172516,18897802661
51102420091227244X,18848298031
150703195208312045,13484667153
230225195809192059,15782391987
52262519490728152X,15689261541
451027200509221626,13965245668
430408197702281456,15694079372
341004198807291242,15212890165
131124194111231815,13937832320
430181196008051426,15845370927
230903195902241649,13176738466
429004199905202386,15850315188
420112198709192576,13072400663
451122197003281296,15661704843
53292819490617183X,15381049624
341523200101191432,18634924258
411330196309242266,18826541522
360104193312072292,15845628192
211002200601102729,13035719411
622924196703191263,15170809464
150422197308251165,13236721399
371424196702182272,15772855521
331022197407202062,18645858754
451421196502192446,13789945748
210106194303271879,15033716687
54233019840825157X,15895321933
460323193509292836,13359890882
410225201304152806,13017863368
420505200908101656,15845392391
210181195208311899,15187744439
623001199305102953,13813336360
152923198807191065,15338066002
130528200902252275,13546056697
621025200407022723,18617002146
340826196409072102,15972796372
371328197710282692,14767448272
220821199602271419,13712258792
410205195405241966,13933530491
340202196810091402,14773793517
152523196505282805,14716794372
371722196904211912,18842108978
330109197107141272,15086775219
130181198403041215,13588365068
150625194509232895,14779382968
640121198004132933,15648382624
410506196911222956,15104269189
350924198809081972,15288995135
451029195104191016,13023426776
130825194001202735,13521215011
140502197101172675,15774477842
51142120120527194X,13472184202
620826193304281993,13489446208
360111199407052962,13745726657
360702198103051992,18836291066
110102195601041755,14724783168
54252219370613144X,13167227200
441523200103012286,15399707229
